{"cameraMode":{"drawMode":0,"name":"Shaded","section":"Shading Mode"},"sceneLighting":false,"audioPlay":false,"sceneViewState":{"showFog":true,"showMaterialUpdate":false,"showSkybox":false,"showFlares":true,"showImageEffects":true,"showParticleSystems":true},"in2DMode":false,"pivot":{"x":-61.95000076293945,"y":1.0799999237060547,"z":18.8618106842041},"rotation":{"x":0.1832980066537857,"y":0.04068419337272644,"z":-0.007592583540827036,"w":0.9821863174438477},"size":1.2247447967529297,"orthographic":false}