{"cameraMode":{"drawMode":0,"name":"Shaded","section":"Shading Mode"},"sceneLighting":false,"audioPlay":false,"sceneViewState":{"showFog":true,"showMaterialUpdate":false,"showSkybox":false,"showFlares":true,"showImageEffects":true,"showParticleSystems":true},"in2DMode":false,"pivot":{"x":-61.95000076293945,"y":1.0799999237060547,"z":18.8618106842041},"rotation":{"x":-0.21259534358978272,"y":-0.07116442173719406,"z":0.015526212751865387,"w":-0.9744221568107605},"size":1.2247447967529297,"orthographic":false}